City_ID,origin,destination,price,main_airline,depart_date,transfers,duration,link,distance,found_at,gate,trip_class
0,PHX,LAX,60,NK,2023-05-14T20:50:00-07:00,1,2707,/search/PHX1405LAX1?t=NK16841226001684285020002707PHXLASLAX_aa9447315573352602ae60e2393d1b8a_4690&search_date=04052023&expected_price_uuid=f9323688-441e-4b61-bf39-41224263c27a&expected_price_currency=rub,595,2023-05-04T23:35:26Z,Kupi.com,0
1,PHX,LAX,64,NK,2023-05-16T20:50:00-07:00,1,620,/search/PHX1605LAX1?t=NK16842954001684332600000620PHXLASLAX_dcd239beae99277eaecc8fa1a292c971_5040&search_date=04052023&expected_price_uuid=c570dfc2-93f8-428e-ba5b-96dea1c9e476&expected_price_currency=rub,595,2023-05-04T23:52:50Z,Clickavia,0
2,PHX,LAX,78,NK,2023-05-13T20:50:00-07:00,1,2060,/search/PHX1305LAX1?t=NK16840362001684159800002060PHXLASLAX_296e4ab3ef625fe49c38e345a805c9a1_6189&search_date=03052023&expected_price_uuid=e9d143de-bf28-4d8d-869a-ca4ca852c3e0&expected_price_currency=rub,595,2023-05-03T23:19:08Z,Kupi.com,0
3,PHX,LAX,87,UA,2023-06-24T16:20:00-07:00,0,89,/search/PHX2406LAX1?t=UA16876488001687654140000089PHXLAX_4e7018cbd335f9f683125d81f4174841_6968&search_date=03052023&expected_price_uuid=d157eb04-74e1-43d9-a866-a01e2ec98ec5&expected_price_currency=rub,595,2023-05-03T05:36:28Z,City.Travel,0
4,PHX,LAX,115,9X,2023-06-25T12:15:00-07:00,1,220,/search/PHX2506LAX1?t=9X16877205001687733700000220PHXIPLLAX_b1950430222e7ad2397b9ebf313ee9c4_9192&search_date=03052023&expected_price_uuid=7feb33d8-28d4-4066-94dd-3fce40a250b7&expected_price_currency=rub,595,2023-05-03T05:38:04Z,OneTwoTrip,0
0,PHX,NYC,111,F9,2023-05-15T23:20:00-07:00,1,892,/search/PHX1505NYC1?t=F916842180001684271520000892PHXMCOLGA_99791a3a1b5119483528adeb514e8208_8924&search_date=01052023&expected_price_uuid=7e3e32ec-c2d8-41ac-8341-19e61a28bd4e&expected_price_currency=rub,3449,2023-05-01T17:32:52Z,City.Travel,0
1,PHX,NYC,98,F9,2023-05-16T22:30:00-07:00,1,942,/search/PHX1605NYC1?t=F916843014001684357920000942PHXMCOLGA_196e8b96cbad38ebbd1ec210c03f3fc0_7711&search_date=04052023&expected_price_uuid=8d6b3a9d-a31a-4a56-a29f-e9e7a7bd94a3&expected_price_currency=rub,3449,2023-05-04T22:08:44Z,Clickavia,0
2,PHX,NYC,112,F9,2023-05-17T23:10:00-07:00,1,902,/search/PHX1705NYC1?t=F916843902001684444320000902PHXMCOLGA_6e2b038d4cd19cd850b546a37c7122a3_8790&search_date=04052023&expected_price_uuid=c5bc56f0-9b83-46c0-8656-5513a2ea84ad&expected_price_currency=rub,3449,2023-05-04T22:08:45Z,City.Travel,0
3,PHX,NYC,132,F9,2023-05-18T21:08:00-07:00,2,2543,/search/PHX1805NYC1?t=F916844692801684621860002543PHXDENDTWLGA_152fef97c78e1eb3af403071c5ce5d46_10320&search_date=04052023&expected_price_uuid=ffb1f5f9-a072-4a3d-99ae-ba6484614f99&expected_price_currency=rub,3449,2023-05-04T22:56:23Z,City.Travel,0
4,PHX,NYC,140,B6,2023-08-08T22:25:00-07:00,1,455,/search/PHX0808NYC1?t=B616915587001691586000000455PHXBOSJFK_d550d25111aafdc28eb9ca31e09633d0_10924&search_date=05052023&expected_price_uuid=8f798960-fda8-461c-8ace-04aefbde68a2&expected_price_currency=rub,3456,2023-05-05T00:15:19Z,OneTwoTrip,0
0,PHX,LAX,60,NK,2023-05-14T20:50:00-07:00,1,2707,/search/PHX1405LAX1?t=NK16841226001684285020002707PHXLASLAX_aa9447315573352602ae60e2393d1b8a_4690&search_date=04052023&expected_price_uuid=f9323688-441e-4b61-bf39-41224263c27a&expected_price_currency=rub,595,2023-05-04T23:35:26Z,Kupi.com,0
1,PHX,LAX,64,NK,2023-05-16T20:50:00-07:00,1,620,/search/PHX1605LAX1?t=NK16842954001684332600000620PHXLASLAX_dcd239beae99277eaecc8fa1a292c971_5040&search_date=04052023&expected_price_uuid=c570dfc2-93f8-428e-ba5b-96dea1c9e476&expected_price_currency=rub,595,2023-05-04T23:52:50Z,Clickavia,0
2,PHX,LAX,78,NK,2023-05-13T20:50:00-07:00,1,2060,/search/PHX1305LAX1?t=NK16840362001684159800002060PHXLASLAX_296e4ab3ef625fe49c38e345a805c9a1_6189&search_date=03052023&expected_price_uuid=e9d143de-bf28-4d8d-869a-ca4ca852c3e0&expected_price_currency=rub,595,2023-05-03T23:19:08Z,Kupi.com,0
3,PHX,LAX,87,UA,2023-06-24T16:20:00-07:00,0,89,/search/PHX2406LAX1?t=UA16876488001687654140000089PHXLAX_4e7018cbd335f9f683125d81f4174841_6968&search_date=03052023&expected_price_uuid=d157eb04-74e1-43d9-a866-a01e2ec98ec5&expected_price_currency=rub,595,2023-05-03T05:36:28Z,City.Travel,0
4,PHX,LAX,115,9X,2023-06-25T12:15:00-07:00,1,220,/search/PHX2506LAX1?t=9X16877205001687733700000220PHXIPLLAX_b1950430222e7ad2397b9ebf313ee9c4_9192&search_date=03052023&expected_price_uuid=7feb33d8-28d4-4066-94dd-3fce40a250b7&expected_price_currency=rub,595,2023-05-03T05:38:04Z,OneTwoTrip,0
0,PHX,MIA,76,F9,2023-06-07T20:58:00-07:00,1,492,/search/PHX0706MIA1?t=F916861966801686226200000492PHXLASMIA_bbd800e8b4738c005f9059698200d102_76&search_date=04052023&expected_price_uuid=225d9478-38ce-4491-9d5f-f533b1d49413&expected_price_currency=usd,3168,2023-05-04T23:54:27Z,,0
1,PHX,MIA,83,F9,2023-06-04T20:48:00-07:00,1,420,/search/PHX0406MIA1?t=F916859368801685962080000420PHXLASMIA_fc8a27bed4372ffe17285d0700fcaf45_83&search_date=04052023&expected_price_uuid=63047f9f-a954-444f-974f-eab134594bc9&expected_price_currency=usd,3168,2023-05-04T20:30:01Z,,0
2,PHX,MIA,83,F9,2023-06-05T20:13:00-07:00,1,484,/search/PHX0506MIA1?t=F916860211801686050220000484PHXLASMIA_ae529220b15d57e873e106e228c4c439_83&search_date=02052023&expected_price_uuid=2c32168d-bb08-46c7-b361-ddfa48b9b12a&expected_price_currency=usd,3168,2023-05-02T10:10:59Z,,0
3,PHX,MIA,83,F9,2023-05-09T23:36:00-07:00,1,512,/search/PHX0905MIA1?t=F916837005601683731280000512PHXATLMIA_f40fcfc1cb177a6ae7c20475bdc92799_83&search_date=02052023&expected_price_uuid=8552e40a-9f15-4dca-b763-9b7f231d70f2&expected_price_currency=usd,3168,2023-05-02T17:33:27Z,,0
4,PHX,MIA,89,F9,2023-05-31T17:56:00-07:00,1,674,/search/PHX3105MIA1?t=F916855809601685621400000674PHXLASMIA_21b31773d3d840963ae36e180e104188_89&search_date=04052023&expected_price_uuid=510010b4-a5ab-4d91-be0d-45eba41ed25c&expected_price_currency=usd,3168,2023-05-04T21:01:23Z,,0
0,PHX,CHI,69,F9,2023-05-09T05:05:00-07:00,0,196,/search/PHX0905CHI1?t=F916836339001683645660000196PHXMDW_e70eef328516760ea5f2f000857e3d7f_69&search_date=02052023&expected_price_uuid=8444eb16-93c1-4400-9392-270f68ce62bd&expected_price_currency=usd,2319,2023-05-02T19:52:44Z,,0
1,PHX,CHI,69,F9,2023-05-10T12:39:00-07:00,0,196,/search/PHX1005CHI1?t=F916837475401683759300000196PHXMDW_2a9491d36d19fccc88035096287abca0_69&search_date=03052023&expected_price_uuid=e247e719-7feb-4844-89f1-5744554bd3af&expected_price_currency=usd,2319,2023-05-03T21:24:17Z,,0
2,PHX,CHI,73,F9,2023-06-10T14:56:00-07:00,0,197,/search/PHX1006CHI1?t=F916864341601686445980000197PHXMDW_171eabcbacf52ec8135c549e6e154723_73&search_date=03052023&expected_price_uuid=99c74531-edac-402a-a331-bae81e1b0c90&expected_price_currency=usd,2319,2023-05-03T09:04:50Z,,0
3,PHX,CHI,73,F9,2023-06-17T12:00:00-07:00,0,199,/search/PHX1706CHI1?t=F916870284001687040340000199PHXMDW_9a1883be3da776020742148e3ea2c1ba_73&search_date=02052023&expected_price_uuid=bfbb1afc-1033-406c-9bd1-14d7a8e37509&expected_price_currency=usd,2319,2023-05-02T10:13:16Z,,0
4,PHX,CHI,73,F9,2023-06-24T13:56:00-07:00,0,202,/search/PHX2406CHI1?t=F916876401601687652280000202PHXMDW_d52217e822c48ea1896db04b3742486a_73&search_date=02052023&expected_price_uuid=c3906162-e47d-470d-b3d7-200d6f4191b4&expected_price_currency=usd,2319,2023-05-02T20:48:57Z,,0
0,PHX,LAS,23,F9,2023-05-08T22:03:00-07:00,0,74,/search/PHX0805LAS1?t=F916836085801683613020000074PHXLAS_398fb0acdeac038c48e9fd34a3bf3e2b_23&search_date=02052023&expected_price_uuid=cb370790-a4cd-4c0f-8310-aad76ffe64ab&expected_price_currency=usd,411,2023-05-02T14:51:37Z,,0
1,PHX,LAS,23,F9,2023-05-09T22:13:00-07:00,0,74,/search/PHX0905LAS1?t=F916836955801683700020000074PHXLAS_4e8262c88832b583902d3d34acbdd0cb_23&search_date=02052023&expected_price_uuid=67a2fa7e-1b59-445f-82f1-65fda5468fbc&expected_price_currency=usd,411,2023-05-02T08:36:36Z,,0
2,PHX,LAS,23,F9,2023-05-10T21:29:00-07:00,0,74,/search/PHX1005LAS1?t=F916837793401683783780000074PHXLAS_c3675d4431e67469166a2f9bb1218e34_23&search_date=02052023&expected_price_uuid=10dfdbac-aa74-4b7a-9ec9-95beb982ce05&expected_price_currency=usd,411,2023-05-02T14:55:41Z,,0
3,PHX,LAS,45,F9,2023-05-06T22:13:00-07:00,0,74,/search/PHX0605LAS1?t=F916834363801683440820000074PHXLAS_bd7f06defbfa700aa71a3fd29435a1dc_3610&search_date=04052023&expected_price_uuid=0c69fd5a-f5a5-4a21-9f63-3e3c3a558ff7&expected_price_currency=rub,411,2023-05-04T06:00:35Z,Biletix,0
4,PHX,LAS,202,NK,2023-05-05T20:50:00-07:00,0,67,/search/PHX0505LAS1?t=NK16833450001683349020000067PHXLAS_09cdada89ff3ff61a6d8d517c19cbe4f_16019&search_date=04052023&expected_price_uuid=eb031e21-f335-4a49-8afe-423ef751de91&expected_price_currency=rub,411,2023-05-04T06:00:48Z,City.Travel,0
